campaign_type,Platform,content_type,total_spend,Impressions,Engagement
Bau,Instagram,Paid - Brand,6279.66,238671,11130
Mm,Instagram,Influencer - Cfg - Boosted Only,29276.63,387275,27725
Bau,Meta,Influencer - Ogilvy - Boosted Only,31850.85,590837,27713
Flood The Feed,Meta,Influencer - Ogilvy - Boosted Only,6726.7,472847,22204
Bau,Instagram,Influencer - Ogilvy - Organic Only,189.04,36481,1461
Bau,TikTok,Paid - Brand,1282.5,228225,12037
Bau,Meta,Influencer - Cfg - Boosted Only,763.54,166408,14878
Flood The Feed,Instagram,Paid - Brand,2124.59,460683,11537
Bau,Instagram,Influencer - Ogilvy - Boosted Only,1317.41,273392,13936
Flood The Feed,Instagram,Influencer - Ogilvy - Organic Only,216.09,145454,8955
Bau,TikTok,Owned - Boosted Only,1208.87,1015529,66754
Mm,Instagram,Paid - Brand,609.98,452481,12046
Flood The Feed,Meta,Owned - Boosted Only,4077.73,141033,3749
Mm,TikTok,Influencer - Cfg - Boosted Only,4004.97,1106358,111813
Mm,Meta,Paid - Brand,2506.21,310310,5735
Mm,Meta,Paid - Brand,1012.56,269103,10642
Mm,TikTok,Influencer - Ogilvy - Organic Only,209.27,84329,7806
Bau,TikTok,Influencer - Ogilvy - Boosted Only,1673.0,301927,32646
Flood The Feed,TikTok,Paid - Brand,13995.61,1483435,55356
Bau,TikTok,Influencer - Ogilvy - Organic Only,108.94,237673,26752
Flood The Feed,TikTok,Influencer - Ogilvy - Organic Only,91.91,310568,18719
Flood The Feed,TikTok,Influencer - Cfg - Boosted Only,495.56,1556466,224446
Bau,Instagram,Paid - Brand,2675.75,454039,19433
Bau,Instagram,Paid - Partnership,1132.66,275822,21001
Bau,Meta,Paid - Brand,2824.99,796890,10458
Mm,TikTok,Owned - Boosted Only,10227.69,469799,28346
Mm,Instagram,Influencer - Cfg - Boosted Only,3420.84,122216,8787
Mm,TikTok,Influencer - Cfg - Boosted Only,5093.24,1744559,143361
Mm,Instagram,Influencer - Ogilvy - Boosted Only,886.48,222465,21079
Flood The Feed,Instagram,Paid - Brand,4881.1,335545,15029
Flood The Feed,Instagram,Influencer - Cfg - Boosted Only,3448.23,1080722,67236
Flood The Feed,Instagram,Influencer - Cfg - Boosted Only,1823.49,462576,22901
Mm,Meta,Owned - Boosted Only,4647.94,358666,14224
Flood The Feed,TikTok,Influencer - Ogilvy - Boosted Only,2096.7,352994,28003
Bau,Instagram,Influencer - Ogilvy - Boosted Only,1782.78,160552,11013
Bau,TikTok,Influencer - Cfg - Boosted Only,5464.76,1863725,188537
Mm,Meta,Owned - Boosted Only,4386.67,292439,6512
Bau,TikTok,Influencer - Cfg - Boosted Only,2864.73,603607,90541
Flood The Feed,Instagram,Paid - Partnership,2233.8,496048,23563
Flood The Feed,Meta,Owned - Boosted Only,516.45,815103,40446
Flood The Feed,TikTok,Owned - Boosted Only,9764.88,386729,38879
Mm,Meta,Influencer - Cfg - Boosted Only,364.03,636375,70717
Flood The Feed,Meta,Influencer - Ogilvy - Organic Only,55.12,171155,8887
Mm,Instagram,Influencer - Ogilvy - Boosted Only,1400.78,121445,8925
Mm,Instagram,Influencer - Ogilvy - Organic Only,51.3,169608,8650
Mm,TikTok,Influencer - Cfg - Boosted Only,30482.3,488383,42566
Flood The Feed,Meta,Owned - Boosted Only,10099.85,228139,9672
Bau,Meta,Paid - Brand,21177.91,130796,3981
Flood The Feed,Meta,Influencer - Cfg - Boosted Only,4402.04,1222290,48577
Mm,Instagram,Influencer - Ogilvy - Organic Only,39.63,171837,12623
Mm,Meta,Owned - Boosted Only,4340.48,376258,12150
Mm,Instagram,Influencer - Ogilvy - Organic Only,187.21,164412,8917
Flood The Feed,TikTok,Paid - Brand,48955.24,1192889,40052
Flood The Feed,Instagram,Paid - Brand,7981.09,263094,12793
Flood The Feed,Instagram,Paid - Partnership,16947.8,278989,17879
Mm,Instagram,Paid - Brand,5536.8,506495,34358
Mm,TikTok,Influencer - Cfg - Boosted Only,2063.0,437154,32137
Bau,TikTok,Influencer - Ogilvy - Boosted Only,876.8,418332,41707
Mm,Instagram,Influencer - Ogilvy - Organic Only,195.72,227103,15320
Flood The Feed,Meta,Paid - Brand,26378.41,532227,34665
Mm,Instagram,Influencer - Ogilvy - Boosted Only,7619.77,200314,10459
Flood The Feed,Instagram,Influencer - Cfg - Boosted Only,6146.93,543704,51730
Mm,Meta,Influencer - Cfg - Boosted Only,6062.37,495613,22143
Flood The Feed,Instagram,Paid - Brand,307.27,305185,15152
Mm,Instagram,Owned - Boosted Only,4109.85,115484,6422
Bau,Meta,Paid - Partnership,5313.34,176583,6657
Bau,TikTok,Paid - Brand,3252.94,221332,11827
Flood The Feed,Meta,Paid - Brand,6913.12,1122627,44353
Flood The Feed,Meta,Owned - Boosted Only,377.47,229898,10625
Flood The Feed,Meta,Influencer - Cfg - Boosted Only,6442.54,1060949,159142
Flood The Feed,Meta,Owned - Boosted Only,7018.72,927524,48900
Bau,Instagram,Paid - Partnership,7919.53,202554,12208
Flood The Feed,Instagram,Owned - Boosted Only,935.2,294229,13430
Flood The Feed,Meta,Influencer - Ogilvy - Boosted Only,3370.48,2420819,74657
Bau,Instagram,Influencer - Ogilvy - Boosted Only,8344.77,106544,6658
Mm,TikTok,Influencer - Ogilvy - Boosted Only,15266.65,629556,41007
Mm,Instagram,Owned - Boosted Only,1019.48,341486,14482
Mm,Instagram,Paid - Brand,4124.45,313325,9895
Bau,Meta,Paid - Brand,74303.71,530628,8323
Bau,TikTok,Influencer - Ogilvy - Organic Only,178.83,134842,14627
Bau,Instagram,Influencer - Ogilvy - Organic Only,67.19,100953,7893
Bau,Meta,Paid - Brand,10923.07,161958,4219
Flood The Feed,Instagram,Paid - Brand,1462.03,293246,19124
Bau,Meta,Paid - Brand,5472.4,151109,5731
Bau,TikTok,Influencer - Ogilvy - Organic Only,1239.12,414513,22072
Mm,Meta,Influencer - Ogilvy - Boosted Only,1441.8,824398,36002
Bau,TikTok,Influencer - Ogilvy - Organic Only,231.32,324001,20609
Flood The Feed,Meta,Influencer - Ogilvy - Organic Only,139.84,36358,1347
Mm,Instagram,Influencer - Cfg - Boosted Only,2040.9,185618,23262
Mm,TikTok,Influencer - Cfg - Boosted Only,348.9,479984,47921
Bau,Meta,Influencer - Ogilvy - Boosted Only,25897.71,156064,11946
Mm,TikTok,Owned - Boosted Only,3027.07,233255,17684
Mm,TikTok,Influencer - Ogilvy - Boosted Only,4018.2,396484,36438
Flood The Feed,Meta,Influencer - Ogilvy - Boosted Only,1672.42,623748,41083
Bau,Instagram,Paid - Brand,32177.58,133108,9692
Flood The Feed,TikTok,Paid - Partnership,159.47,572988,41015
Bau,Meta,Influencer - Cfg - Boosted Only,4543.66,292812,15845
Flood The Feed,Meta,Owned - Boosted Only,1422.97,304292,15548
Mm,Meta,Influencer - Cfg - Boosted Only,5092.5,338761,25557
Mm,TikTok,Influencer - Cfg - Boosted Only,4726.54,1166302,135243
Mm,Meta,Influencer - Ogilvy - Organic Only,64.78,115658,7294
Bau,Meta,Influencer - Ogilvy - Boosted Only,7446.92,344250,19255
Bau,Instagram,Paid - Brand,20261.9,192102,8692
Bau,Meta,Owned - Boosted Only,2201.1,216068,11897
Mm,TikTok,Influencer - Cfg - Boosted Only,10281.74,1211066,171999
Bau,TikTok,Influencer - Cfg - Boosted Only,3076.37,879647,76940
Bau,TikTok,Owned - Boosted Only,4847.65,331583,22530
Mm,TikTok,Paid - Partnership,7278.9,313296,35214
Flood The Feed,TikTok,Influencer - Ogilvy - Boosted Only,659.17,374848,47751
Flood The Feed,Instagram,Influencer - Ogilvy - Boosted Only,9774.13,739475,64286
Bau,TikTok,Influencer - Cfg - Boosted Only,2926.7,340190,33409
Bau,TikTok,Paid - Brand,1079.5,745514,34240
Flood The Feed,Instagram,Influencer - Ogilvy - Organic Only,65.01,160205,12185
Flood The Feed,Meta,Paid - Partnership,1279.74,307018,11890
Bau,Meta,Influencer - Ogilvy - Organic Only,189.61,106051,4640
Flood The Feed,TikTok,Influencer - Ogilvy - Organic Only,187.18,151828,8360
Bau,Meta,Influencer - Ogilvy - Organic Only,72.35,119470,6609
Bau,Meta,Paid - Brand,27256.15,580650,15939
Bau,Instagram,Influencer - Ogilvy - Boosted Only,2897.13,145921,10448
Mm,Meta,Paid - Brand,1933.35,445276,10005
Bau,Instagram,Influencer - Ogilvy - Organic Only,249.47,293036,19059
Bau,Instagram,Influencer - Ogilvy - Organic Only,221.79,175569,10460
Mm,Meta,Influencer - Ogilvy - Boosted Only,4171.95,409812,22787
Flood The Feed,Instagram,Influencer - Ogilvy - Organic Only,68.51,197785,15432
Mm,TikTok,Influencer - Cfg - Boosted Only,26283.99,1380160,207024
Flood The Feed,Instagram,Paid - Partnership,942.92,668094,33881
Mm,Meta,Owned - Boosted Only,79594.83,215049,6619
Flood The Feed,Meta,Influencer - Ogilvy - Boosted Only,1213.07,160234,7390
Mm,TikTok,Paid - Partnership,954.61,505767,33622
Bau,Meta,Owned - Boosted Only,49724.66,504399,16799
Flood The Feed,Instagram,Paid - Brand,774.62,563805,14569
Flood The Feed,Meta,Influencer - Cfg - Boosted Only,46499.1,1730987,86614
Mm,Instagram,Influencer - Cfg - Boosted Only,228.22,785653,58300
Bau,TikTok,Influencer - Cfg - Boosted Only,19086.27,244907,19641
Mm,TikTok,Influencer - Cfg - Boosted Only,3004.5,720307,60415
Flood The Feed,TikTok,Influencer - Ogilvy - Boosted Only,7587.63,463354,39958
Flood The Feed,TikTok,Influencer - Ogilvy - Boosted Only,3570.44,1154082,128586
Bau,Instagram,Influencer - Ogilvy - Boosted Only,551.72,97271,10275
Mm,Instagram,Influencer - Ogilvy - Boosted Only,4907.26,209318,24001
Bau,Meta,Paid - Partnership,3545.77,596955,21930
Bau,Meta,Influencer - Ogilvy - Boosted Only,65586.29,1103303,55290
Bau,Instagram,Paid - Partnership,12802.0,368718,26684
Flood The Feed,TikTok,Influencer - Cfg - Boosted Only,701.07,1470167,193882
Mm,Instagram,Influencer - Cfg - Boosted Only,213.13,170771,7113
Flood The Feed,Instagram,Paid - Partnership,1990.0,632951,47681
Mm,Instagram,Paid - Partnership,3331.38,748084,23734
Bau,Meta,Influencer - Ogilvy - Boosted Only,231.58,281287,17044
Mm,TikTok,Paid - Brand,2838.29,151486,7079
Mm,Meta,Influencer - Cfg - Boosted Only,421.28,674239,43351
Mm,Instagram,Influencer - Cfg - Boosted Only,727.91,273176,15268
Mm,Instagram,Influencer - Ogilvy - Organic Only,139.4,240439,12021
Mm,Instagram,Influencer - Ogilvy - Organic Only,245.68,101895,5397
Bau,Meta,Paid - Brand,2538.82,166570,4063
Bau,Instagram,Influencer - Ogilvy - Organic Only,44.8,342919,23289
Mm,Meta,Influencer - Ogilvy - Organic Only,73.72,185486,9038
Bau,Instagram,Owned - Boosted Only,2139.97,284328,18842
Bau,Meta,Paid - Partnership,1345.13,198255,6571
Bau,TikTok,Paid - Partnership,94.36,136194,12313
Flood The Feed,Meta,Influencer - Cfg - Boosted Only,35152.52,725592,49685
Bau,Instagram,Paid - Partnership,4754.64,1514563,101717
Mm,Instagram,Influencer - Ogilvy - Organic Only,130.59,76113,3158
Bau,Instagram,Influencer - Cfg - Boosted Only,4044.83,214968,10775
Bau,Meta,Owned - Boosted Only,1130.19,124321,8166
Bau,Meta,Influencer - Ogilvy - Boosted Only,11186.46,353679,29772
Mm,TikTok,Influencer - Ogilvy - Boosted Only,3347.78,335951,47748
Bau,Instagram,Paid - Partnership,6689.97,130288,5906
Flood The Feed,Meta,Paid - Brand,801.57,229258,8717
Bau,TikTok,Owned - Boosted Only,52267.23,172885,13509
Bau,Meta,Owned - Boosted Only,1123.31,177541,5885
Mm,TikTok,Influencer - Cfg - Boosted Only,815.67,674023,50429
Bau,Meta,Influencer - Ogilvy - Boosted Only,4472.42,329999,16587
Mm,Meta,Paid - Partnership,764.07,230775,10421
Bau,TikTok,Paid - Partnership,6319.38,235671,14567
Flood The Feed,TikTok,Influencer - Ogilvy - Organic Only,314.63,136937,13539
Flood The Feed,TikTok,Influencer - Ogilvy - Organic Only,76.51,483538,32304
Bau,TikTok,Paid - Brand,198.88,142507,6939
Bau,TikTok,Influencer - Ogilvy - Organic Only,192.43,117075,11910
Bau,TikTok,Paid - Brand,246.59,368179,12289
Mm,Instagram,Paid - Partnership,1121.3,274006,10160
Mm,Instagram,Owned - Boosted Only,1674.33,426315,18932
Flood The Feed,Instagram,Paid - Brand,10441.44,242795,10929
Flood The Feed,TikTok,Influencer - Cfg - Boosted Only,25909.19,264072,19960
Bau,TikTok,Influencer - Ogilvy - Boosted Only,7084.1,431024,43361
Bau,TikTok,Influencer - Ogilvy - Organic Only,81.13,201638,16164
Flood The Feed,Instagram,Influencer - Ogilvy - Boosted Only,17182.95,608136,48452
Flood The Feed,Instagram,Influencer - Ogilvy - Boosted Only,1607.1,347191,21955
Mm,Meta,Owned - Boosted Only,5386.65,239932,10364
Flood The Feed,Meta,Paid - Partnership,67043.79,1023251,33404
Mm,Instagram,Influencer - Ogilvy - Boosted Only,18066.61,273073,10667
Flood The Feed,Meta,Paid - Partnership,657.12,157967,5117
Mm,Instagram,Influencer - Ogilvy - Boosted Only,3064.46,876187,69586
Mm,TikTok,Owned - Boosted Only,2145.97,679496,23101
Mm,Instagram,Influencer - Ogilvy - Organic Only,187.84,219038,9445
Bau,Meta,Owned - Boosted Only,16574.67,332573,11627
Mm,Instagram,Influencer - Ogilvy - Boosted Only,7701.52,1309119,99542
Bau,Instagram,Influencer - Ogilvy - Organic Only,190.23,87314,4547
Mm,Instagram,Owned - Boosted Only,10357.89,152536,8228
Bau,Instagram,Paid - Partnership,1456.1,299888,15910
Bau,TikTok,Owned - Boosted Only,14133.6,277789,16908
Flood The Feed,Instagram,Influencer - Ogilvy - Boosted Only,686.67,340715,27471
Mm,TikTok,Owned - Boosted Only,9278.76,255234,21866
Flood The Feed,TikTok,Influencer - Cfg - Boosted Only,22775.87,1482430,222364
Mm,Instagram,Influencer - Ogilvy - Boosted Only,933.85,142850,6032
Flood The Feed,Meta,Paid - Brand,28115.22,926445,26240
Flood The Feed,TikTok,Influencer - Ogilvy - Boosted Only,4536.69,436548,65482
Flood The Feed,Instagram,Paid - Partnership,3618.56,452845,27024
Bau,Meta,Influencer - Ogilvy - Boosted Only,6133.46,395014,16827
Bau,TikTok,Influencer - Cfg - Boosted Only,6046.3,1868200,268526
Bau,Meta,Paid - Brand,32525.51,257430,5509
Mm,Meta,Influencer - Ogilvy - Organic Only,130.87,174558,12216
Mm,Meta,Owned - Boosted Only,235.4,655901,24771
Flood The Feed,Instagram,Influencer - Cfg - Boosted Only,1571.33,316448,14792
Flood The Feed,Instagram,Owned - Boosted Only,10247.16,399417,14321
Mm,TikTok,Influencer - Cfg - Boosted Only,427.26,516751,77512
Flood The Feed,Meta,Influencer - Ogilvy - Boosted Only,2019.52,238747,11976
Bau,Meta,Owned - Boosted Only,1980.12,48554,1891
Bau,Meta,Influencer - Ogilvy - Boosted Only,2108.22,497412,46774
Mm,Instagram,Paid - Brand,16152.78,276874,7628
Bau,Instagram,Paid - Brand,141497.84,309038,11916
Bau,TikTok,Owned - Boosted Only,2875.01,393464,24867
Flood The Feed,Instagram,Influencer - Ogilvy - Organic Only,83.62,142081,9454
Mm,Instagram,Owned - Boosted Only,1319.31,150108,8182
Flood The Feed,Instagram,Influencer - Ogilvy - Organic Only,115.01,495674,15037
Flood The Feed,TikTok,Owned - Boosted Only,15325.3,1439510,51005
Flood The Feed,Meta,Owned - Boosted Only,1782.85,350855,9108
Mm,TikTok,Influencer - Cfg - Boosted Only,928.23,338554,50783
Mm,Instagram,Influencer - Ogilvy - Organic Only,378.3,307757,25680
Flood The Feed,TikTok,Influencer - Cfg - Boosted Only,548.08,701662,78011
Mm,TikTok,Paid - Brand,476.66,731558,32672
Mm,Instagram,Influencer - Cfg - Boosted Only,1698.96,595592,52262
Mm,TikTok,Paid - Partnership,1734.63,955836,41465
Bau,Instagram,Influencer - Cfg - Boosted Only,7509.34,497785,34839
Bau,Meta,Owned - Boosted Only,4861.97,120900,6317
Bau,Instagram,Influencer - Ogilvy - Boosted Only,2258.93,192178,18954
Bau,Meta,Owned - Boosted Only,1036.38,101713,2524
Mm,TikTok,Influencer - Ogilvy - Organic Only,272.06,114348,16260
Mm,TikTok,Paid - Brand,131.25,1226533,62721
Mm,Meta,Owned - Boosted Only,2578.42,214770,9586
Flood The Feed,Instagram,Paid - Brand,2817.34,869936,34570
Mm,Instagram,Owned - Boosted Only,3734.81,195135,10128
Mm,Meta,Paid - Partnership,4730.1,128337,3083
Mm,TikTok,Influencer - Ogilvy - Organic Only,312.08,275272,21881
Flood The Feed,Instagram,Influencer - Ogilvy - Organic Only,151.17,251675,14384
Bau,Instagram,Owned - Boosted Only,927.55,211819,8339
Mm,Meta,Owned - Boosted Only,5499.32,111319,6002
Bau,TikTok,Owned - Boosted Only,6056.55,422584,37453
Flood The Feed,TikTok,Influencer - Ogilvy - Boosted Only,36250.62,1736676,89973
Flood The Feed,TikTok,Influencer - Cfg - Boosted Only,437.31,652551,63137
Bau,TikTok,Influencer - Ogilvy - Organic Only,249.05,132254,11749
Bau,Instagram,Owned - Boosted Only,959.99,130730,4526
Flood The Feed,Instagram,Influencer - Ogilvy - Boosted Only,746.32,198559,10667
Bau,Meta,Influencer - Ogilvy - Boosted Only,14479.12,203479,24203
Bau,TikTok,Owned - Boosted Only,6247.75,405521,20688
Bau,Meta,Paid - Partnership,8522.5,217331,8115
Mm,TikTok,Influencer - Cfg - Boosted Only,138708.07,787672,106746
Mm,TikTok,Paid - Partnership,1038.19,454538,46391
Mm,TikTok,Owned - Boosted Only,1163.92,1187499,96914
Bau,TikTok,Owned - Boosted Only,1282.16,489957,43292
Flood The Feed,Meta,Influencer - Ogilvy - Organic Only,276.39,103054,4175
Mm,Meta,Influencer - Cfg - Boosted Only,2056.42,469296,32563
Bau,Instagram,Influencer - Ogilvy - Boosted Only,3891.51,121273,9786
Bau,Meta,Influencer - Cfg - Boosted Only,7449.32,609685,48566
Bau,Meta,Influencer - Ogilvy - Organic Only,341.7,195789,9662
Bau,Meta,Influencer - Cfg - Boosted Only,246.8,472126,28942
Flood The Feed,TikTok,Paid - Brand,4479.95,373526,12963
Bau,Instagram,Owned - Boosted Only,14468.5,210736,13650
Mm,Instagram,Paid - Partnership,3110.31,285653,18168
Flood The Feed,Meta,Influencer - Ogilvy - Organic Only,88.58,262116,11499
Flood The Feed,Instagram,Paid - Brand,1553.48,361639,14843
Mm,Meta,Paid - Brand,1453.71,768045,16913
Bau,Instagram,Paid - Partnership,2252.27,176714,13092
Flood The Feed,Instagram,Owned - Boosted Only,4003.13,678481,22941
Flood The Feed,TikTok,Influencer - Cfg - Boosted Only,4449.63,1826516,179727
Flood The Feed,Meta,Influencer - Ogilvy - Boosted Only,14738.53,475058,39152
Bau,Instagram,Paid - Brand,93746.27,235762,7920
Mm,Instagram,Influencer - Ogilvy - Boosted Only,26372.49,915552,56349
Bau,Instagram,Influencer - Ogilvy - Organic Only,97.5,93396,4193
Mm,Meta,Influencer - Ogilvy - Organic Only,59.23,88128,3527
Flood The Feed,TikTok,Paid - Partnership,2829.83,843712,80604
Flood The Feed,Meta,Influencer - Ogilvy - Boosted Only,666.79,1002022,50744
Bau,TikTok,Owned - Boosted Only,2767.79,522762,24636
Bau,TikTok,Owned - Boosted Only,5290.22,397856,30439
Flood The Feed,TikTok,Owned - Boosted Only,4599.73,2808389,153077
Bau,Instagram,Owned - Boosted Only,1344.13,132136,5905
Flood The Feed,Meta,Influencer - Ogilvy - Organic Only,78.46,501314,38691
Mm,Instagram,Influencer - Ogilvy - Organic Only,83.87,79823,6178
Mm,Instagram,Owned - Boosted Only,1302.01,336345,18873
Flood The Feed,TikTok,Influencer - Ogilvy - Organic Only,32.6,824517,118702
Mm,TikTok,Influencer - Cfg - Boosted Only,1188.94,529246,55357
Mm,Meta,Owned - Boosted Only,4923.06,456547,33043
Mm,Meta,Influencer - Ogilvy - Organic Only,124.34,104254,3473
Flood The Feed,Instagram,Owned - Boosted Only,995.86,333586,30175
Bau,TikTok,Owned - Boosted Only,1371.39,384771,25270
Bau,TikTok,Owned - Boosted Only,17722.49,1736234,97720
Mm,Meta,Paid - Partnership,1430.59,630849,27865
Mm,TikTok,Influencer - Ogilvy - Organic Only,940.78,374581,28249
Mm,Instagram,Influencer - Ogilvy - Organic Only,267.91,273757,23530
Flood The Feed,Meta,Influencer - Cfg - Boosted Only,6379.92,1476493,120781
Bau,Meta,Influencer - Ogilvy - Boosted Only,23700.19,542943,27885
Mm,TikTok,Influencer - Ogilvy - Organic Only,171.87,495272,32560
Flood The Feed,Meta,Owned - Boosted Only,5182.33,365230,14588
Flood The Feed,Instagram,Owned - Boosted Only,20285.83,442449,23689
Bau,TikTok,Paid - Brand,387.69,614862,35819
Bau,TikTok,Owned - Boosted Only,76487.46,338193,23837
Bau,Instagram,Paid - Partnership,4333.26,612459,28569
Flood The Feed,Instagram,Paid - Partnership,4530.25,617521,31347
Flood The Feed,TikTok,Influencer - Ogilvy - Organic Only,94.97,390805,45302
Mm,TikTok,Influencer - Ogilvy - Boosted Only,639.21,559861,40841
Mm,Instagram,Paid - Partnership,17900.25,122329,4965
Mm,Instagram,Paid - Partnership,5249.13,736575,34665
Mm,TikTok,Influencer - Cfg - Boosted Only,1296.21,2074100,128956
Flood The Feed,Meta,Influencer - Cfg - Boosted Only,110.14,815993,40429
Bau,TikTok,Influencer - Ogilvy - Boosted Only,644.29,659200,63829
Flood The Feed,Instagram,Influencer - Cfg - Boosted Only,1279.06,266549,26595
Bau,Meta,Influencer - Ogilvy - Boosted Only,7905.4,329394,30953
Mm,TikTok,Influencer - Ogilvy - Boosted Only,598.77,206242,15082
Flood The Feed,Instagram,Influencer - Ogilvy - Organic Only,141.8,235533,14722
Bau,TikTok,Influencer - Cfg - Boosted Only,5054.75,282564,41830
Bau,TikTok,Paid - Partnership,2635.36,793378,52757
Mm,Meta,Paid - Brand,5914.31,545922,17982
Flood The Feed,Instagram,Influencer - Cfg - Boosted Only,7817.22,1396194,113739
Bau,TikTok,Paid - Brand,8634.37,436614,32282
Mm,Instagram,Influencer - Ogilvy - Boosted Only,1080.75,895043,63671
Flood The Feed,Meta,Owned - Boosted Only,348.57,433875,14006
Bau,Meta,Influencer - Ogilvy - Organic Only,344.0,100517,4431
Mm,TikTok,Owned - Boosted Only,175.16,274893,8768
Mm,TikTok,Influencer - Cfg - Boosted Only,277.04,973668,118321
Mm,Meta,Owned - Boosted Only,5643.09,173298,6765
Bau,Meta,Owned - Boosted Only,2964.89,124734,7754
Bau,TikTok,Influencer - Ogilvy - Organic Only,356.87,182700,15471
Flood The Feed,Instagram,Paid - Brand,4074.79,134253,4786
Bau,Meta,Influencer - Ogilvy - Organic Only,75.04,74617,3456
Bau,TikTok,Influencer - Cfg - Boosted Only,44202.2,972378,78648
Flood The Feed,Meta,Owned - Boosted Only,7036.56,1086715,56791
Flood The Feed,Instagram,Influencer - Ogilvy - Organic Only,157.53,138910,11509
Flood The Feed,Meta,Owned - Boosted Only,5378.84,792709,37980
Mm,TikTok,Paid - Partnership,14390.58,383384,34152
Mm,Instagram,Paid - Partnership,4009.41,986999,38526
Flood The Feed,Instagram,Paid - Brand,40293.51,572714,18088
Flood The Feed,Instagram,Paid - Brand,1442.56,357848,15606
Flood The Feed,Meta,Influencer - Cfg - Boosted Only,6530.59,552428,31588
Flood The Feed,TikTok,Paid - Brand,74117.4,2577016,140995
Bau,Meta,Influencer - Cfg - Boosted Only,3155.82,449064,31093
Bau,Instagram,Influencer - Cfg - Boosted Only,642.79,263746,12278
Mm,Meta,Owned - Boosted Only,5425.33,455598,15607
Flood The Feed,Instagram,Owned - Boosted Only,31602.14,192911,6564
Bau,TikTok,Influencer - Cfg - Boosted Only,4174.2,1111786,166767
Flood The Feed,TikTok,Paid - Partnership,1497.68,1355724,80409
Mm,Instagram,Paid - Brand,2300.91,503190,23499
Bau,Instagram,Paid - Partnership,280.17,499082,36242
Flood The Feed,Instagram,Influencer - Ogilvy - Boosted Only,1166.38,580134,48442
Mm,Meta,Paid - Brand,4407.27,274819,6470
Bau,Instagram,Influencer - Ogilvy - Boosted Only,2868.86,537934,45591
Mm,Meta,Influencer - Cfg - Boosted Only,1709.71,772373,18928
Bau,Meta,Influencer - Cfg - Boosted Only,16699.74,159350,8232
Flood The Feed,TikTok,Influencer - Ogilvy - Boosted Only,555.85,353887,45117
Mm,Instagram,Owned - Boosted Only,1478.0,285108,14843
Mm,Meta,Influencer - Ogilvy - Boosted Only,6097.06,433858,15943
Flood The Feed,TikTok,Owned - Boosted Only,13285.12,503472,20831
Flood The Feed,TikTok,Influencer - Ogilvy - Organic Only,96.73,856887,92891
Mm,TikTok,Paid - Brand,1766.97,414625,18071
Bau,Instagram,Owned - Boosted Only,67179.4,290683,17461
Mm,Instagram,Influencer - Ogilvy - Organic Only,415.83,166484,10351
Bau,TikTok,Paid - Brand,2220.47,412940,19601
Flood The Feed,Meta,Influencer - Ogilvy - Organic Only,307.24,274383,17228
Bau,Instagram,Influencer - Ogilvy - Boosted Only,2641.03,277862,10985
Flood The Feed,TikTok,Paid - Brand,11783.92,1036107,67092
Mm,Meta,Influencer - Ogilvy - Organic Only,8.2,497790,24059
Mm,Instagram,Paid - Partnership,15713.48,162501,9374
Flood The Feed,Meta,Owned - Boosted Only,613.93,285080,20046
Mm,Instagram,Paid - Brand,2239.43,336925,16796
Mm,TikTok,Owned - Boosted Only,6269.94,476761,35107
Mm,TikTok,Influencer - Ogilvy - Boosted Only,109658.18,638484,61037
Bau,Meta,Paid - Partnership,14414.38,610805,31395
Flood The Feed,TikTok,Owned - Boosted Only,7770.54,332525,35824
Flood The Feed,TikTok,Owned - Boosted Only,534.05,690561,36347
Bau,Instagram,Owned - Boosted Only,2707.53,242444,14096
Mm,Meta,Paid - Partnership,5613.23,950817,39218
Bau,TikTok,Owned - Boosted Only,2066.82,612732,57781
Bau,Instagram,Influencer - Ogilvy - Boosted Only,472.76,346529,30791
Mm,Instagram,Owned - Boosted Only,1907.7,535670,27038
Bau,Meta,Influencer - Ogilvy - Organic Only,168.27,128681,6515
Flood The Feed,TikTok,Owned - Boosted Only,575.7,243711,25951
Mm,Instagram,Paid - Brand,836.78,154993,3119
Mm,Meta,Influencer - Ogilvy - Organic Only,78.34,74025,6105
Mm,Meta,Owned - Boosted Only,13557.91,213556,16621
Mm,Instagram,Paid - Brand,12999.27,265054,4808
Flood The Feed,Meta,Influencer - Ogilvy - Organic Only,1466.95,125710,3867
Flood The Feed,Meta,Influencer - Cfg - Boosted Only,13819.77,3490576,304560
Flood The Feed,TikTok,Paid - Brand,6945.6,1172796,72719
Mm,Instagram,Paid - Brand,9305.8,375350,14871
Bau,Meta,Owned - Boosted Only,2713.81,158284,5761
Flood The Feed,Meta,Influencer - Cfg - Boosted Only,235.23,617404,26435
Flood The Feed,TikTok,Paid - Partnership,569.42,751075,68422
Flood The Feed,Instagram,Paid - Partnership,11819.13,174961,6240
Mm,TikTok,Owned - Boosted Only,12224.0,249372,15385
Mm,Meta,Influencer - Ogilvy - Organic Only,257.25,98185,5107
Mm,Meta,Influencer - Cfg - Boosted Only,403.01,313721,19889
Flood The Feed,Instagram,Influencer - Ogilvy - Boosted Only,273.28,550618,39411
Bau,Meta,Paid - Partnership,6827.64,347431,18832
Mm,TikTok,Influencer - Ogilvy - Organic Only,168.21,185362,16152
Bau,TikTok,Paid - Partnership,6734.15,437617,26578
Mm,Instagram,Influencer - Ogilvy - Organic Only,73.55,87669,3867
Flood The Feed,Instagram,Owned - Boosted Only,41124.74,193075,8280
Mm,Meta,Influencer - Ogilvy - Organic Only,72.36,278778,12860
Mm,TikTok,Paid - Partnership,19372.56,357727,23337
Flood The Feed,Instagram,Owned - Boosted Only,851.48,1222381,45197
Mm,TikTok,Influencer - Cfg - Boosted Only,4744.45,1047673,113870
Bau,Instagram,Influencer - Ogilvy - Organic Only,123.31,103747,7064
Bau,TikTok,Owned - Boosted Only,2391.07,617201,79063
Mm,Meta,Influencer - Ogilvy - Boosted Only,1291.76,168495,8860
Flood The Feed,TikTok,Owned - Boosted Only,142851.94,464233,50100
Flood The Feed,TikTok,Influencer - Ogilvy - Boosted Only,36921.57,678421,72422
Mm,Meta,Paid - Brand,34289.52,335183,9081
Flood The Feed,Meta,Influencer - Ogilvy - Organic Only,82.96,134064,5560
Bau,TikTok,Owned - Boosted Only,475.37,324476,16998
Flood The Feed,Meta,Owned - Boosted Only,4233.05,180026,7873
Flood The Feed,Meta,Influencer - Cfg - Boosted Only,10407.62,240922,15525
Flood The Feed,TikTok,Influencer - Cfg - Boosted Only,18797.96,554930,83239
Mm,Meta,Paid - Partnership,5588.85,236483,8372
Flood The Feed,TikTok,Influencer - Ogilvy - Boosted Only,6887.69,916015,96903
Flood The Feed,TikTok,Paid - Brand,749.19,811594,25491
Flood The Feed,TikTok,Influencer - Ogilvy - Organic Only,132.79,206287,13896
Mm,TikTok,Influencer - Ogilvy - Boosted Only,19037.0,1177776,127253
Mm,Instagram,Influencer - Ogilvy - Organic Only,49.78,105387,10190
Flood The Feed,Meta,Paid - Brand,3687.03,2286036,74083
Flood The Feed,Meta,Influencer - Ogilvy - Boosted Only,3976.17,505613,28419
Bau,TikTok,Influencer - Ogilvy - Boosted Only,2371.54,705566,84611
Mm,Meta,Paid - Brand,916.92,158774,2635
Flood The Feed,Instagram,Paid - Brand,6386.79,240958,4850
Bau,TikTok,Influencer - Ogilvy - Boosted Only,5339.4,2143404,192555
Bau,TikTok,Paid - Brand,10485.37,488415,22758
Bau,TikTok,Paid - Partnership,11832.61,366713,23840
Mm,TikTok,Owned - Boosted Only,4829.73,288083,25604
Bau,Meta,Influencer - Ogilvy - Organic Only,124.59,89135,5276
Flood The Feed,TikTok,Influencer - Ogilvy - Boosted Only,774.56,796810,71516
Bau,Meta,Influencer - Cfg - Boosted Only,15196.85,599085,34249
Flood The Feed,Meta,Owned - Boosted Only,10164.43,1099820,51486
Flood The Feed,Instagram,Influencer - Cfg - Boosted Only,3027.61,273313,15249
Flood The Feed,TikTok,Influencer - Cfg - Boosted Only,1885.9,711736,64599
Mm,Meta,Influencer - Ogilvy - Boosted Only,3245.34,551992,29183
Mm,TikTok,Paid - Partnership,6184.2,527915,17511
Bau,Instagram,Owned - Boosted Only,728.51,170525,6263
Flood The Feed,TikTok,Influencer - Ogilvy - Organic Only,270.41,926188,112142
Bau,Meta,Owned - Boosted Only,2164.26,601714,24914
Flood The Feed,TikTok,Paid - Partnership,1797.89,495838,27169
Mm,Instagram,Influencer - Ogilvy - Boosted Only,1665.26,344142,26001
Mm,TikTok,Paid - Partnership,2994.61,637027,54630
Mm,Meta,Owned - Boosted Only,12386.11,131847,2426
Bau,Meta,Owned - Boosted Only,12106.28,117809,4361
Mm,Instagram,Influencer - Ogilvy - Organic Only,46.06,43013,3400
Flood The Feed,TikTok,Paid - Partnership,9308.96,549684,15159
Flood The Feed,Meta,Owned - Boosted Only,1313.74,545956,13872
Bau,TikTok,Influencer - Ogilvy - Organic Only,178.28,198704,19859
Flood The Feed,Instagram,Paid - Brand,3566.61,253242,13924
Flood The Feed,Instagram,Owned - Boosted Only,2350.08,349947,13965
Bau,TikTok,Influencer - Ogilvy - Organic Only,95.27,113667,9065
Bau,TikTok,Influencer - Ogilvy - Boosted Only,38853.86,231193,12822
Flood The Feed,Meta,Paid - Partnership,27085.55,514126,15142
Flood The Feed,Instagram,Influencer - Ogilvy - Boosted Only,14183.82,359790,44801
Bau,Instagram,Influencer - Ogilvy - Boosted Only,8241.1,209108,28759
Flood The Feed,Meta,Influencer - Ogilvy - Boosted Only,1201.62,894028,52812
Mm,Meta,Owned - Boosted Only,21007.02,840372,33599
Flood The Feed,Meta,Paid - Partnership,962.83,652800,19177
Bau,Instagram,Paid - Brand,61088.62,312316,10748
Mm,TikTok,Influencer - Ogilvy - Boosted Only,3932.46,253010,17013
Bau,TikTok,Influencer - Cfg - Boosted Only,18044.94,428731,30064
Flood The Feed,Meta,Paid - Partnership,6667.36,1112414,49686
Flood The Feed,Instagram,Paid - Partnership,13280.76,286639,8981
Mm,Meta,Owned - Boosted Only,28339.18,275028,10101
Flood The Feed,TikTok,Paid - Partnership,21857.32,1128416,77627
Mm,Meta,Paid - Brand,76688.23,296272,11271
Bau,Meta,Influencer - Ogilvy - Boosted Only,3247.11,393303,33594
Flood The Feed,Instagram,Owned - Boosted Only,6385.3,516187,37598
Mm,Instagram,Paid - Brand,1724.29,176361,4950
Bau,TikTok,Paid - Partnership,156.1,1195868,51534
Bau,Instagram,Owned - Boosted Only,2139.06,166587,9645
Flood The Feed,TikTok,Influencer - Ogilvy - Boosted Only,10133.54,1493790,112866
Mm,Instagram,Influencer - Ogilvy - Organic Only,125.57,159619,9955
Flood The Feed,TikTok,Paid - Partnership,33223.69,1105747,82709
Flood The Feed,Meta,Influencer - Cfg - Boosted Only,8057.2,1591899,96810
Bau,TikTok,Influencer - Ogilvy - Organic Only,40.58,233214,16112
Mm,Instagram,Influencer - Ogilvy - Organic Only,87.48,187461,18264
Flood The Feed,Meta,Paid - Brand,3077.61,678104,32543
Mm,Instagram,Influencer - Ogilvy - Boosted Only,4277.52,1551903,132396
Flood The Feed,TikTok,Owned - Boosted Only,212.48,859512,63599
Bau,Meta,Paid - Brand,20632.63,513294,14181
Mm,Meta,Owned - Boosted Only,475.11,240367,7374
Bau,Meta,Influencer - Cfg - Boosted Only,1247.9,567340,53930
Bau,Instagram,Owned - Boosted Only,5388.42,100480,6062
Mm,TikTok,Influencer - Ogilvy - Boosted Only,17942.85,423272,36593
Flood The Feed,Instagram,Influencer - Ogilvy - Organic Only,150.61,127540,10410
Flood The Feed,TikTok,Influencer - Ogilvy - Boosted Only,2486.37,1070658,73835
Bau,Instagram,Owned - Boosted Only,1546.6,298395,14088
Bau,Instagram,Owned - Boosted Only,39753.21,177741,10039
Mm,Instagram,Paid - Partnership,12074.92,127916,3620
Flood The Feed,Meta,Paid - Partnership,302.33,991895,30259
Mm,Meta,Owned - Boosted Only,138316.38,254869,10667
Mm,Meta,Paid - Brand,30126.63,1394132,74522
Mm,Instagram,Influencer - Ogilvy - Organic Only,496.89,269312,21618
Mm,Instagram,Paid - Brand,9581.04,228106,6852
Mm,TikTok,Influencer - Cfg - Boosted Only,2965.91,631901,52950
Mm,Meta,Paid - Brand,8472.5,699961,20700
Bau,Instagram,Influencer - Ogilvy - Boosted Only,27345.17,149318,10144
Flood The Feed,Instagram,Paid - Brand,1017.16,138950,5204
Mm,Meta,Influencer - Cfg - Boosted Only,2483.39,1228470,85501
Flood The Feed,Meta,Influencer - Cfg - Boosted Only,641.44,2106300,174996
Flood The Feed,Meta,Influencer - Cfg - Boosted Only,7137.7,683290,29513
Bau,Instagram,Influencer - Cfg - Boosted Only,1705.63,622727,84177
Bau,TikTok,Influencer - Ogilvy - Organic Only,694.54,161355,9686
Mm,Meta,Influencer - Cfg - Boosted Only,3682.43,174874,11098
Flood The Feed,Meta,Paid - Partnership,2388.92,392550,8758
Bau,Meta,Influencer - Ogilvy - Boosted Only,6440.75,251470,9559
Bau,Meta,Paid - Brand,40.11,241545,11838
Bau,TikTok,Influencer - Ogilvy - Organic Only,781.53,165504,11604
Bau,TikTok,Influencer - Cfg - Boosted Only,6021.92,331719,34862
Bau,TikTok,Influencer - Cfg - Boosted Only,9406.16,1287927,119981
Mm,Instagram,Influencer - Ogilvy - Organic Only,121.06,79384,4162
Flood The Feed,Meta,Paid - Brand,2122.36,689317,26112
Mm,TikTok,Paid - Partnership,893.58,1127715,62377
Flood The Feed,Instagram,Paid - Brand,2886.93,286957,5324
Flood The Feed,TikTok,Influencer - Cfg - Boosted Only,11226.9,1742112,153706
Bau,Instagram,Influencer - Ogilvy - Boosted Only,3296.07,365252,16456
Flood The Feed,Instagram,Paid - Partnership,1348.06,649605,21402
Flood The Feed,TikTok,Paid - Brand,4630.11,356631,19689
Mm,Meta,Owned - Boosted Only,2825.77,113527,6375
Flood The Feed,TikTok,Paid - Brand,990.4,457645,23329
Flood The Feed,TikTok,Owned - Boosted Only,16696.53,371989,25009
Bau,Meta,Paid - Partnership,5671.59,456294,17319
Bau,Instagram,Paid - Brand,1718.93,147972,5830
Mm,Meta,Influencer - Ogilvy - Organic Only,50.8,27634,1587
Flood The Feed,Instagram,Influencer - Ogilvy - Organic Only,366.48,52055,2583
Mm,Instagram,Owned - Boosted Only,7545.69,863102,45856
Flood The Feed,Instagram,Paid - Partnership,1000.24,355819,25798
Flood The Feed,TikTok,Influencer - Ogilvy - Organic Only,77.79,212780,15463
Bau,TikTok,Influencer - Ogilvy - Boosted Only,713.37,466430,68344
Flood The Feed,Meta,Influencer - Ogilvy - Boosted Only,4839.75,528197,26131
Flood The Feed,Instagram,Influencer - Cfg - Boosted Only,285.78,899907,67517
Mm,TikTok,Influencer - Cfg - Boosted Only,2273.96,4690707,492530
Mm,TikTok,Owned - Boosted Only,965.18,306880,28585
Mm,TikTok,Influencer - Ogilvy - Boosted Only,3533.01,238279,28254
Mm,Meta,Owned - Boosted Only,1094.21,876905,48013
Flood The Feed,TikTok,Paid - Partnership,1523.88,1532092,93815
Bau,TikTok,Influencer - Ogilvy - Boosted Only,10712.44,664114,46367
Bau,TikTok,Paid - Brand,1135.33,772498,33536
Bau,Meta,Owned - Boosted Only,1627.06,136684,6146
Flood The Feed,Meta,Influencer - Ogilvy - Boosted Only,65761.34,365125,19860
Bau,TikTok,Influencer - Ogilvy - Organic Only,609.25,204804,19704
Flood The Feed,Meta,Influencer - Ogilvy - Organic Only,51.3,309490,14746
Mm,Instagram,Influencer - Ogilvy - Boosted Only,13076.8,700700,105105
Mm,Meta,Paid - Partnership,7111.37,444065,16946
Mm,Instagram,Influencer - Ogilvy - Boosted Only,1755.05,381685,25150
Mm,Meta,Influencer - Ogilvy - Organic Only,175.64,378625,14109
Mm,TikTok,Paid - Brand,16478.6,1256018,58190
Flood The Feed,Instagram,Influencer - Cfg - Boosted Only,123.62,350508,39723
Flood The Feed,Meta,Owned - Boosted Only,2880.44,246649,8394
Bau,Meta,Paid - Partnership,10518.91,430434,14423
Mm,Instagram,Paid - Brand,1719.46,230640,6715
Flood The Feed,TikTok,Influencer - Cfg - Boosted Only,33626.29,970209,134189
Flood The Feed,TikTok,Influencer - Ogilvy - Organic Only,679.47,708047,52252
Flood The Feed,Instagram,Influencer - Ogilvy - Boosted Only,5462.14,487411,26759
Bau,Instagram,Influencer - Ogilvy - Organic Only,205.28,56945,5464
Flood The Feed,Instagram,Paid - Partnership,1484.86,457381,23901
Bau,Meta,Paid - Partnership,2021.6,406687,12696
Mm,Instagram,Paid - Partnership,11014.26,133020,6631
Bau,TikTok,Influencer - Cfg - Boosted Only,54633.01,366622,28720
Flood The Feed,Meta,Influencer - Ogilvy - Boosted Only,6443.72,694022,41634
Bau,TikTok,Influencer - Cfg - Boosted Only,6209.16,885038,118526
Flood The Feed,Instagram,Paid - Brand,5512.25,401326,18856
Flood The Feed,Meta,Influencer - Ogilvy - Organic Only,992.16,261825,9850
Mm,Meta,Owned - Boosted Only,15687.52,302269,6237
Mm,TikTok,Influencer - Cfg - Boosted Only,10626.78,539966,50447
Mm,TikTok,Influencer - Ogilvy - Boosted Only,4904.8,643447,71645
Flood The Feed,TikTok,Influencer - Ogilvy - Organic Only,96.02,473557,36798
Bau,Meta,Influencer - Cfg - Boosted Only,9029.17,636155,27676
Flood The Feed,Meta,Paid - Brand,15198.82,441032,16186
Bau,Instagram,Paid - Partnership,5171.57,722387,32426
Flood The Feed,TikTok,Owned - Boosted Only,1765.21,606405,36543
Flood The Feed,TikTok,Owned - Boosted Only,9896.27,253205,12182
Mm,TikTok,Influencer - Cfg - Boosted Only,600.82,1138971,170845
Bau,Instagram,Paid - Partnership,2548.67,209208,10255
Bau,TikTok,Paid - Partnership,17031.46,254480,16400
Flood The Feed,Instagram,Influencer - Ogilvy - Organic Only,393.55,291400,20728
Flood The Feed,TikTok,Influencer - Ogilvy - Boosted Only,13380.71,178369,19673
Bau,TikTok,Influencer - Cfg - Boosted Only,1117.54,184957,20698
Flood The Feed,TikTok,Paid - Brand,23399.92,799872,51098
Bau,Meta,Paid - Partnership,33470.42,719611,42370
Bau,Meta,Paid - Partnership,9074.21,322158,7172
Mm,TikTok,Paid - Brand,2060.92,310706,28604
Mm,Meta,Influencer - Ogilvy - Boosted Only,2289.69,425017,27080
Bau,TikTok,Influencer - Cfg - Boosted Only,3182.44,1618200,128878
Flood The Feed,TikTok,Influencer - Ogilvy - Boosted Only,3991.46,545892,33064
Flood The Feed,Meta,Influencer - Ogilvy - Organic Only,80.5,240602,10660
Mm,Instagram,Paid - Brand,1055.08,122328,4581
Flood The Feed,TikTok,Paid - Brand,311.97,1102495,54244
Bau,TikTok,Owned - Boosted Only,334.85,258995,13640
Mm,Meta,Influencer - Ogilvy - Organic Only,204.22,387203,11118
Flood The Feed,TikTok,Owned - Boosted Only,3542.33,577231,46597
Flood The Feed,Instagram,Owned - Boosted Only,4104.32,232943,11176
Bau,TikTok,Owned - Boosted Only,903.22,627684,41692
Mm,Meta,Influencer - Cfg - Boosted Only,51626.28,550875,25655
Mm,Instagram,Influencer - Ogilvy - Boosted Only,307.79,96169,4304
Bau,TikTok,Owned - Boosted Only,4450.14,484450,19896
Bau,Meta,Owned - Boosted Only,11413.56,199656,8262
Mm,Instagram,Influencer - Ogilvy - Organic Only,744.13,255043,15812
Mm,Meta,Paid - Partnership,783.06,89813,2605
Mm,Instagram,Influencer - Cfg - Boosted Only,2171.78,217721,16075
Bau,TikTok,Paid - Brand,3345.19,384492,15185
Flood The Feed,Instagram,Paid - Brand,3839.06,594068,16447
Flood The Feed,Instagram,Influencer - Cfg - Boosted Only,24745.49,625383,48301
Mm,TikTok,Influencer - Ogilvy - Boosted Only,8624.15,678324,81257
Bau,Instagram,Influencer - Cfg - Boosted Only,4585.65,235803,20184
Bau,Meta,Paid - Partnership,536.15,284623,10144
Bau,Meta,Influencer - Ogilvy - Organic Only,120.53,129609,3714
Flood The Feed,Meta,Paid - Brand,1308.86,570271,17230
Flood The Feed,Meta,Owned - Boosted Only,638.1,887624,27106
Flood The Feed,TikTok,Influencer - Ogilvy - Organic Only,391.29,487677,33745
Flood The Feed,TikTok,Influencer - Ogilvy - Organic Only,875.95,192663,21322
Flood The Feed,Instagram,Influencer - Ogilvy - Organic Only,403.66,144470,14742
Flood The Feed,TikTok,Paid - Partnership,2048.64,857636,55637
Mm,Meta,Paid - Brand,2437.03,603838,22064
Mm,TikTok,Influencer - Ogilvy - Boosted Only,216.42,1064470,58179
Mm,TikTok,Influencer - Ogilvy - Organic Only,416.77,496404,30058
Mm,Meta,Influencer - Ogilvy - Organic Only,98.41,85500,4040
Mm,Meta,Owned - Boosted Only,1877.97,467889,27450
Bau,TikTok,Paid - Brand,24185.91,344926,15549
Mm,TikTok,Paid - Brand,238.61,282914,18138
Bau,Instagram,Influencer - Ogilvy - Organic Only,746.64,59179,3329
Flood The Feed,Instagram,Owned - Boosted Only,2865.19,425062,17603
Flood The Feed,TikTok,Influencer - Ogilvy - Organic Only,226.8,275427,23035
Bau,Instagram,Owned - Boosted Only,6764.38,208999,9681
Flood The Feed,Instagram,Influencer - Cfg - Boosted Only,2529.02,564351,38788
Flood The Feed,TikTok,Owned - Boosted Only,2021.93,1612164,125902
Bau,Instagram,Paid - Brand,1913.67,371388,12902
Bau,TikTok,Paid - Partnership,17321.21,554573,32220
Bau,Instagram,Influencer - Ogilvy - Organic Only,232.23,45333,2172
Bau,Instagram,Paid - Brand,497.26,248024,16015
Flood The Feed,Meta,Owned - Boosted Only,84706.72,770325,35450
Flood The Feed,TikTok,Influencer - Ogilvy - Organic Only,24.51,231081,15325
Bau,Instagram,Paid - Partnership,1174.65,201128,8379
Mm,TikTok,Owned - Boosted Only,153.09,560421,26809
Mm,TikTok,Influencer - Ogilvy - Boosted Only,4267.87,1978674,135154
Bau,Instagram,Influencer - Ogilvy - Boosted Only,66.99,182157,18248
Mm,Instagram,Paid - Brand,56247.74,164530,7333
Bau,TikTok,Influencer - Ogilvy - Organic Only,93.19,181140,27171
Mm,Instagram,Paid - Partnership,312.79,289343,15980
Flood The Feed,TikTok,Influencer - Ogilvy - Boosted Only,15194.36,963413,95102
Bau,Instagram,Paid - Partnership,1656.61,266177,11526
Flood The Feed,Meta,Influencer - Ogilvy - Boosted Only,7573.1,503072,30419
Mm,Meta,Paid - Partnership,2852.94,686347,24330
Flood The Feed,Instagram,Influencer - Ogilvy - Boosted Only,208.61,887602,48701
Bau,TikTok,Influencer - Ogilvy - Organic Only,77.19,133502,16937
Bau,Instagram,Paid - Partnership,121.08,1288255,84885
Mm,Instagram,Influencer - Ogilvy - Boosted Only,4166.61,314819,24694
Bau,TikTok,Influencer - Ogilvy - Boosted Only,6513.83,714149,75931
Flood The Feed,Instagram,Influencer - Ogilvy - Boosted Only,3409.67,429273,29536
Bau,Instagram,Influencer - Ogilvy - Boosted Only,2225.28,518820,44635
Mm,Instagram,Influencer - Ogilvy - Organic Only,7.84,168138,11978
Bau,TikTok,Paid - Partnership,2898.47,322978,27150
Bau,TikTok,Influencer - Cfg - Boosted Only,12348.5,392952,42623
Mm,TikTok,Influencer - Cfg - Boosted Only,694.03,283644,22562
Bau,Meta,Influencer - Cfg - Boosted Only,10868.13,785907,52801
Mm,Meta,Paid - Brand,8845.32,538934,12804
Flood The Feed,Instagram,Influencer - Ogilvy - Boosted Only,5698.08,801048,72321
Bau,Instagram,Influencer - Ogilvy - Boosted Only,17736.32,444255,35543
Flood The Feed,TikTok,Influencer - Cfg - Boosted Only,14842.13,1116371,82258
Mm,Instagram,Influencer - Cfg - Boosted Only,2334.14,252709,15849
Bau,Meta,Influencer - Ogilvy - Boosted Only,2400.0,204959,10091
Bau,Instagram,Influencer - Ogilvy - Boosted Only,174.09,260117,18735
Bau,TikTok,Owned - Boosted Only,875.13,487993,42668
Flood The Feed,TikTok,Influencer - Ogilvy - Boosted Only,267.38,467547,33408
Mm,Meta,Influencer - Ogilvy - Organic Only,57.98,264455,12575
Flood The Feed,TikTok,Owned - Boosted Only,2004.66,185562,14819
Flood The Feed,Meta,Influencer - Cfg - Boosted Only,464.57,705283,44149
Mm,TikTok,Influencer - Cfg - Boosted Only,22948.04,351764,13649
Flood The Feed,TikTok,Influencer - Ogilvy - Organic Only,178.37,1063291,129524
Mm,TikTok,Paid - Partnership,4082.6,370568,28325
Flood The Feed,TikTok,Influencer - Ogilvy - Organic Only,56.06,448397,43832
Bau,TikTok,Influencer - Cfg - Boosted Only,14622.47,3297996,356162
Bau,Instagram,Paid - Partnership,1389.3,221017,6239
Flood The Feed,Meta,Owned - Boosted Only,1051.46,333691,11291
Flood The Feed,TikTok,Paid - Brand,3746.33,486280,32672
Flood The Feed,Instagram,Paid - Brand,2981.88,447510,15574
Bau,TikTok,Influencer - Cfg - Boosted Only,3762.3,968165,71654
Mm,TikTok,Influencer - Ogilvy - Organic Only,76.85,190822,10704
Mm,Meta,Paid - Brand,872.28,264500,9902
Mm,Meta,Paid - Partnership,4419.77,400854,18627
Mm,Meta,Paid - Brand,2425.86,469125,13098
Flood The Feed,TikTok,Paid - Partnership,4438.37,528442,15254
Mm,Meta,Paid - Brand,2437.14,871724,33147
Bau,TikTok,Paid - Brand,12683.99,985020,48555
Bau,TikTok,Influencer - Ogilvy - Boosted Only,4007.7,326923,26761
Mm,Instagram,Influencer - Cfg - Boosted Only,7507.49,861736,63469
Bau,Meta,Paid - Partnership,1517.34,281917,12154
Flood The Feed,TikTok,Influencer - Cfg - Boosted Only,341.8,236131,19217
Mm,Instagram,Owned - Boosted Only,477.68,160750,8119
Bau,Instagram,Paid - Brand,1510.4,577316,24452
Mm,Meta,Influencer - Cfg - Boosted Only,4678.4,742652,30397
Flood The Feed,Meta,Influencer - Ogilvy - Boosted Only,14166.96,618019,40808
Flood The Feed,Instagram,Owned - Boosted Only,597.18,130338,8795
Mm,Meta,Influencer - Cfg - Boosted Only,5242.82,299234,13277
Bau,TikTok,Paid - Brand,16125.42,232401,18259
Mm,Meta,Influencer - Ogilvy - Boosted Only,772.07,547100,26769
Mm,Instagram,Paid - Brand,7367.11,226233,8273
Mm,Meta,Influencer - Ogilvy - Organic Only,154.61,93435,5881
Bau,Instagram,Influencer - Ogilvy - Boosted Only,1380.47,223547,11943
Flood The Feed,Instagram,Influencer - Cfg - Boosted Only,63.85,432622,64893
Bau,Instagram,Paid - Partnership,9671.19,244226,10833
Bau,TikTok,Influencer - Ogilvy - Organic Only,151.79,275869,16260
Bau,TikTok,Influencer - Ogilvy - Organic Only,452.29,324663,33828
Bau,TikTok,Influencer - Ogilvy - Boosted Only,5754.36,487724,53713
Bau,Instagram,Influencer - Ogilvy - Organic Only,268.22,94854,5366
Bau,TikTok,Influencer - Ogilvy - Organic Only,164.33,505571,29283
Flood The Feed,Instagram,Influencer - Ogilvy - Organic Only,34.21,206138,14065
Bau,Instagram,Owned - Boosted Only,3866.14,234538,11581
Bau,TikTok,Influencer - Ogilvy - Boosted Only,27855.76,198541,13936
Mm,TikTok,Paid - Partnership,2553.24,181405,10324
Bau,Instagram,Paid - Partnership,36033.53,265718,13668
Mm,Meta,Influencer - Cfg - Boosted Only,450.23,312821,16100
Flood The Feed,Instagram,Influencer - Ogilvy - Boosted Only,1850.9,1010987,86047
Flood The Feed,Meta,Influencer - Ogilvy - Boosted Only,562.74,637713,39988
Bau,TikTok,Paid - Brand,16485.29,1225929,43396
Flood The Feed,TikTok,Paid - Partnership,883.34,324615,18156
Bau,Instagram,Influencer - Ogilvy - Boosted Only,6000.14,499090,35124
Flood The Feed,TikTok,Owned - Boosted Only,1844.99,673522,34600
Bau,Instagram,Influencer - Cfg - Boosted Only,68480.76,146955,11929
Flood The Feed,Meta,Owned - Boosted Only,62032.23,520415,19466
Mm,Meta,Influencer - Cfg - Boosted Only,1743.82,436692,37972
Bau,Meta,Paid - Brand,108.01,654471,12295
Mm,TikTok,Influencer - Ogilvy - Organic Only,113.68,181170,18157
Flood The Feed,TikTok,Owned - Boosted Only,271.19,731837,88654
Bau,TikTok,Influencer - Ogilvy - Boosted Only,385.77,469530,34646
Mm,Meta,Paid - Partnership,5646.72,365356,10850
Flood The Feed,Meta,Paid - Partnership,6196.92,1606722,54622
Bau,TikTok,Paid - Partnership,8774.78,198085,8920
Mm,TikTok,Influencer - Ogilvy - Boosted Only,6054.82,1412662,141453
Mm,TikTok,Paid - Partnership,1863.88,478304,19721
Mm,Meta,Influencer - Ogilvy - Boosted Only,7381.8,709962,33475
Mm,TikTok,Influencer - Ogilvy - Organic Only,92.75,271620,20014
Bau,TikTok,Influencer - Ogilvy - Boosted Only,2699.44,1636793,136789
Bau,TikTok,Owned - Boosted Only,1741.48,230948,19055
Bau,Instagram,Influencer - Ogilvy - Organic Only,123.81,75980,7589
Mm,TikTok,Paid - Brand,25069.43,405175,11109
Mm,Meta,Influencer - Ogilvy - Boosted Only,13511.15,285298,19529
Mm,TikTok,Owned - Boosted Only,155.22,611738,28074
Flood The Feed,Instagram,Owned - Boosted Only,8920.85,382998,15189
Flood The Feed,Meta,Owned - Boosted Only,1618.81,658567,26921
Mm,TikTok,Paid - Brand,7162.54,1793935,53857
Mm,Instagram,Influencer - Ogilvy - Organic Only,747.86,158572,8137
Mm,TikTok,Influencer - Ogilvy - Boosted Only,405.26,450110,53412
Bau,Meta,Influencer - Ogilvy - Boosted Only,2461.87,817494,28563
Mm,Instagram,Paid - Partnership,2927.39,131955,7063
Flood The Feed,Instagram,Influencer - Ogilvy - Boosted Only,11274.86,397713,13110
Bau,Meta,Influencer - Cfg - Boosted Only,4017.53,549579,35737
Flood The Feed,Instagram,Owned - Boosted Only,19028.12,206874,13395
Bau,Meta,Paid - Brand,17832.2,117110,3712
Flood The Feed,Meta,Paid - Partnership,1399.3,481051,19221
Mm,TikTok,Influencer - Ogilvy - Organic Only,91.17,154227,13088
Flood The Feed,Meta,Influencer - Cfg - Boosted Only,583.55,359103,25360
Mm,Instagram,Paid - Partnership,532.09,381679,21047
Mm,TikTok,Paid - Brand,223.92,304448,20908
Bau,Instagram,Influencer - Ogilvy - Organic Only,55.64,80911,6245
Mm,TikTok,Paid - Partnership,9653.6,446116,22374
Mm,Instagram,Influencer - Cfg - Boosted Only,25173.69,1256604,129447
Bau,Meta,Influencer - Ogilvy - Boosted Only,3387.94,206557,8694
Mm,Meta,Influencer - Ogilvy - Organic Only,250.26,225278,17288
Flood The Feed,TikTok,Paid - Brand,7908.36,335174,22058
Mm,TikTok,Influencer - Ogilvy - Boosted Only,667.08,411508,39922
Bau,TikTok,Influencer - Ogilvy - Organic Only,1091.89,1432169,144318
Flood The Feed,TikTok,Owned - Boosted Only,2264.72,856291,73759
Bau,Meta,Influencer - Cfg - Boosted Only,1842.72,1194039,73691
Mm,Meta,Influencer - Cfg - Boosted Only,6289.36,773419,50555
Mm,Instagram,Paid - Brand,10492.44,220182,7151
Mm,Instagram,Influencer - Ogilvy - Boosted Only,572.36,382221,34764
Flood The Feed,TikTok,Paid - Brand,5923.36,2224580,106600
Flood The Feed,Instagram,Paid - Partnership,8128.34,229104,9791
Bau,TikTok,Influencer - Ogilvy - Boosted Only,8461.71,817239,67342
Flood The Feed,Instagram,Influencer - Ogilvy - Boosted Only,2677.4,192038,12422
Mm,Meta,Influencer - Ogilvy - Organic Only,361.54,252680,14798
Bau,Meta,Influencer - Cfg - Boosted Only,3212.04,420004,19844
Bau,Meta,Owned - Boosted Only,8503.58,338706,15546
Mm,Meta,Influencer - Ogilvy - Organic Only,87.7,45288,3172
Mm,Instagram,Owned - Boosted Only,1453.52,137887,8964
Bau,Instagram,Influencer - Ogilvy - Organic Only,100.28,209256,16921
Bau,Meta,Paid - Partnership,8311.16,135103,6996
Flood The Feed,TikTok,Influencer - Ogilvy - Boosted Only,4411.08,686256,64477
Flood The Feed,TikTok,Owned - Boosted Only,207.61,698001,33828
Flood The Feed,TikTok,Paid - Brand,391.9,283898,19027
Mm,Meta,Influencer - Ogilvy - Boosted Only,1159.92,956615,43986
Mm,Meta,Owned - Boosted Only,230.2,133899,7682
Flood The Feed,Instagram,Paid - Partnership,2359.38,298730,15044
Flood The Feed,Meta,Influencer - Ogilvy - Boosted Only,6327.59,1217213,101503
Bau,Instagram,Influencer - Cfg - Boosted Only,1737.75,146377,9930
Flood The Feed,TikTok,Paid - Brand,4404.67,450317,16220
Flood The Feed,Meta,Influencer - Cfg - Boosted Only,4992.45,747211,43464
Bau,TikTok,Influencer - Cfg - Boosted Only,955.52,479145,34859
Flood The Feed,TikTok,Influencer - Cfg - Boosted Only,11331.0,2084594,115015
Flood The Feed,TikTok,Paid - Partnership,739.32,278596,13754
Mm,Meta,Influencer - Cfg - Boosted Only,2630.27,208213,9095
Flood The Feed,Instagram,Paid - Partnership,661.21,439841,21556
Flood The Feed,Meta,Paid - Partnership,1009.68,552190,16871
Flood The Feed,Instagram,Paid - Brand,1983.3,1203224,69075
Flood The Feed,Instagram,Influencer - Cfg - Boosted Only,424.38,891002,87288
Flood The Feed,Instagram,Influencer - Cfg - Boosted Only,532.51,896271,109188
Flood The Feed,Meta,Influencer - Ogilvy - Organic Only,48.3,137515,9405
Flood The Feed,Instagram,Paid - Partnership,4479.39,596637,31719
Bau,Instagram,Paid - Brand,5356.38,116101,6104
Bau,Meta,Influencer - Ogilvy - Boosted Only,17229.62,315953,16840
Mm,Instagram,Influencer - Ogilvy - Boosted Only,299.87,385708,32970
Flood The Feed,Meta,Owned - Boosted Only,2715.45,879367,31502
Flood The Feed,Instagram,Paid - Brand,6952.86,254405,9700
Flood The Feed,TikTok,Influencer - Ogilvy - Organic Only,124.67,404675,30425
Flood The Feed,TikTok,Paid - Partnership,2447.42,1194651,62876
Bau,TikTok,Influencer - Ogilvy - Boosted Only,267.77,1172839,159760
Mm,TikTok,Owned - Boosted Only,429.06,573790,32566
Flood The Feed,Meta,Paid - Brand,4425.91,684374,18371
Mm,Meta,Owned - Boosted Only,919.98,186593,5613
Mm,TikTok,Influencer - Cfg - Boosted Only,856.0,630439,48826
Flood The Feed,TikTok,Influencer - Cfg - Boosted Only,8292.26,2694013,217318
Flood The Feed,TikTok,Paid - Partnership,4268.88,1009781,69803
Mm,Instagram,Owned - Boosted Only,3340.69,376886,22997
Mm,Meta,Influencer - Ogilvy - Organic Only,43.05,265910,17489
Bau,Instagram,Paid - Partnership,948.68,225053,13260
Mm,Meta,Paid - Brand,2177.71,702688,41128
Mm,TikTok,Influencer - Cfg - Boosted Only,916.92,287652,30249
Bau,Meta,Paid - Brand,8798.56,286802,12773
Mm,TikTok,Influencer - Ogilvy - Organic Only,38.92,332828,23311
Bau,TikTok,Influencer - Cfg - Boosted Only,39303.42,2176688,166027
Flood The Feed,TikTok,Influencer - Ogilvy - Boosted Only,1307.23,1348980,108095
Bau,TikTok,Influencer - Cfg - Boosted Only,2784.67,590280,31857
Flood The Feed,TikTok,Owned - Boosted Only,2919.72,416073,23684
Mm,TikTok,Owned - Boosted Only,25989.5,219018,18449
Bau,Meta,Owned - Boosted Only,1961.68,206951,10388
Mm,Instagram,Influencer - Cfg - Boosted Only,4964.55,577683,59319
Flood The Feed,Meta,Paid - Partnership,1813.54,354575,9217
Bau,Meta,Paid - Partnership,864.27,1605555,83964
Flood The Feed,TikTok,Influencer - Ogilvy - Boosted Only,392.83,341459,35510
Mm,Instagram,Paid - Partnership,6774.34,405188,18016
Bau,Instagram,Paid - Brand,2469.62,301495,11879
Bau,TikTok,Paid - Partnership,106.81,296694,13788
Mm,Instagram,Owned - Boosted Only,3877.0,1458060,85958
Bau,TikTok,Owned - Boosted Only,1862.56,594217,45329
Flood The Feed,Meta,Influencer - Ogilvy - Organic Only,225.9,376168,35136
Mm,Meta,Influencer - Ogilvy - Organic Only,47.9,211122,8058
Bau,TikTok,Owned - Boosted Only,6858.67,210092,12234
Mm,Instagram,Influencer - Ogilvy - Organic Only,110.49,240128,21255
Flood The Feed,TikTok,Influencer - Ogilvy - Boosted Only,460.09,787132,57258
Bau,Instagram,Influencer - Cfg - Boosted Only,451.35,265047,18556
Mm,Meta,Paid - Partnership,113558.65,536421,12773
Flood The Feed,TikTok,Paid - Partnership,1277.73,1299142,145850
Bau,Meta,Influencer - Ogilvy - Organic Only,30.39,41665,3681
Mm,Instagram,Influencer - Ogilvy - Organic Only,219.12,82648,6520
Bau,Meta,Paid - Brand,57.19,251504,7991
Flood The Feed,Meta,Paid - Partnership,11925.15,305542,11285
Flood The Feed,TikTok,Owned - Boosted Only,743.87,683406,34480
Flood The Feed,Meta,Influencer - Ogilvy - Organic Only,98.68,137013,8395
Mm,Meta,Influencer - Ogilvy - Organic Only,350.18,155158,7910
Bau,TikTok,Owned - Boosted Only,339.38,260676,16947
Flood The Feed,Instagram,Paid - Partnership,151932.2,257887,19205
Mm,Instagram,Influencer - Ogilvy - Organic Only,402.16,170401,19407
Flood The Feed,Instagram,Owned - Boosted Only,5209.08,467376,24287
Flood The Feed,Instagram,Paid - Partnership,18682.7,885309,35222
Bau,TikTok,Paid - Partnership,412.04,325786,15376
Flood The Feed,TikTok,Paid - Brand,2710.02,1646766,68911
Flood The Feed,TikTok,Paid - Partnership,2795.5,758607,58709
Flood The Feed,Instagram,Influencer - Ogilvy - Boosted Only,102.48,277495,21287
Flood The Feed,Meta,Owned - Boosted Only,18035.88,365143,8235
Flood The Feed,TikTok,Influencer - Ogilvy - Organic Only,275.81,252782,14860
Bau,Instagram,Influencer - Ogilvy - Boosted Only,1168.51,227550,13665
Flood The Feed,Meta,Owned - Boosted Only,109.03,643685,37365
Flood The Feed,Meta,Influencer - Ogilvy - Boosted Only,7921.08,317993,16164
Flood The Feed,Instagram,Owned - Boosted Only,2951.94,515382,33253
Flood The Feed,Meta,Influencer - Cfg - Boosted Only,991.02,744480,49187
Flood The Feed,Meta,Influencer - Ogilvy - Boosted Only,26469.11,1015627,69491
Bau,Meta,Paid - Brand,3380.37,733011,23872
Mm,TikTok,Owned - Boosted Only,819.23,911945,74206
Mm,Meta,Influencer - Ogilvy - Boosted Only,1533.69,290037,17119
Mm,Meta,Influencer - Ogilvy - Organic Only,235.85,196624,10879
Mm,Instagram,Influencer - Ogilvy - Boosted Only,38175.0,686254,52318
Bau,Instagram,Influencer - Ogilvy - Boosted Only,12233.9,153654,12465
Flood The Feed,Meta,Influencer - Cfg - Boosted Only,44979.38,747320,33380
Mm,Instagram,Influencer - Ogilvy - Boosted Only,1120.88,158292,9006
Flood The Feed,TikTok,Owned - Boosted Only,1709.98,263546,17475
Bau,TikTok,Owned - Boosted Only,11538.17,216753,22565
Mm,Instagram,Influencer - Ogilvy - Organic Only,247.35,260040,14345
Flood The Feed,TikTok,Influencer - Ogilvy - Boosted Only,10740.62,464223,54570
Flood The Feed,Instagram,Influencer - Ogilvy - Boosted Only,3857.44,677598,34287
Flood The Feed,TikTok,Owned - Boosted Only,778.52,841037,41763
Bau,Meta,Paid - Partnership,5971.83,132885,6170
Mm,Instagram,Influencer - Cfg - Boosted Only,469.29,505711,46857
Mm,TikTok,Influencer - Ogilvy - Boosted Only,1048.21,752597,73238
Flood The Feed,Meta,Influencer - Ogilvy - Boosted Only,1328.41,314374,9421
Mm,TikTok,Owned - Boosted Only,5036.54,168556,11447
Flood The Feed,TikTok,Influencer - Ogilvy - Boosted Only,2007.87,1237633,101737
Mm,TikTok,Paid - Brand,1818.61,794354,42160
Flood The Feed,Instagram,Influencer - Ogilvy - Organic Only,203.6,275445,11677
Mm,TikTok,Paid - Partnership,9275.98,747772,33071
Mm,Meta,Paid - Brand,2067.05,359563,9945
Flood The Feed,TikTok,Paid - Brand,4918.65,1905356,126519
Mm,TikTok,Influencer - Ogilvy - Boosted Only,416.41,733413,98341
Flood The Feed,TikTok,Owned - Boosted Only,5325.24,1247522,150580
Bau,Meta,Influencer - Ogilvy - Organic Only,413.11,174455,12030
Flood The Feed,TikTok,Influencer - Ogilvy - Boosted Only,3704.6,861405,69769
Bau,TikTok,Paid - Brand,31104.88,299135,22738
Flood The Feed,Instagram,Influencer - Ogilvy - Organic Only,244.66,90717,6807
Bau,Meta,Paid - Brand,127.74,383365,14399
Flood The Feed,Instagram,Influencer - Cfg - Boosted Only,1225.94,617486,85229
Bau,Instagram,Paid - Brand,1396.02,127419,7631
Mm,Meta,Paid - Partnership,56606.6,402409,19622
Mm,Instagram,Paid - Brand,22297.14,211486,7020
Bau,Instagram,Paid - Brand,18888.56,750524,34121
Bau,Instagram,Owned - Boosted Only,796.54,615452,27710
Mm,Instagram,Owned - Boosted Only,1803.16,287324,24182
Bau,Instagram,Paid - Partnership,10731.77,318452,17564
Mm,TikTok,Influencer - Ogilvy - Boosted Only,3182.02,785322,33091
Bau,Meta,Influencer - Ogilvy - Boosted Only,1910.44,376706,14402
Bau,Instagram,Influencer - Ogilvy - Organic Only,218.4,102553,11669
Flood The Feed,Instagram,Paid - Brand,31556.33,380423,13961
Mm,Meta,Influencer - Cfg - Boosted Only,2667.98,379202,23158
Mm,Meta,Owned - Boosted Only,955.83,143583,6853
Flood The Feed,Meta,Paid - Partnership,7664.04,339321,15979
Bau,Meta,Paid - Partnership,1155.9,323445,14893
Flood The Feed,Instagram,Paid - Brand,2834.39,589683,19393
Mm,TikTok,Owned - Boosted Only,2220.08,365738,19294
Flood The Feed,Instagram,Influencer - Ogilvy - Organic Only,124.37,79756,4625
Bau,TikTok,Influencer - Ogilvy - Organic Only,111.62,167314,13072
Mm,TikTok,Influencer - Cfg - Boosted Only,2717.19,929011,115939
Mm,Meta,Influencer - Cfg - Boosted Only,1124.79,231082,9736
Mm,Instagram,Influencer - Ogilvy - Boosted Only,1435.4,249629,14266
Flood The Feed,TikTok,Influencer - Cfg - Boosted Only,426.59,721071,73094
Flood The Feed,Meta,Paid - Partnership,7277.51,392529,12484
Flood The Feed,TikTok,Influencer - Ogilvy - Boosted Only,742.45,767067,53522
Bau,Meta,Influencer - Ogilvy - Organic Only,263.26,50165,2269
Mm,Instagram,Owned - Boosted Only,4682.84,274042,32458
Mm,Instagram,Paid - Brand,5037.68,168553,6289
Flood The Feed,TikTok,Paid - Brand,207.6,650546,24321
Bau,Meta,Owned - Boosted Only,11767.37,192123,7346
Bau,TikTok,Paid - Brand,1149.02,1182744,51555
Mm,TikTok,Influencer - Cfg - Boosted Only,46575.76,1297706,143964
Mm,TikTok,Paid - Partnership,5182.79,637766,21461
Flood The Feed,TikTok,Influencer - Ogilvy - Boosted Only,1961.91,1365648,121118
Bau,Instagram,Paid - Partnership,362.21,202312,16191
Mm,Instagram,Influencer - Ogilvy - Boosted Only,19347.87,337147,32293
Bau,Meta,Influencer - Ogilvy - Boosted Only,1720.28,116626,4772
Mm,Meta,Paid - Partnership,31080.41,331749,11102
Mm,Meta,Influencer - Ogilvy - Boosted Only,1901.2,1225652,107796
Flood The Feed,Instagram,Paid - Partnership,83130.78,445304,23356
Bau,Instagram,Influencer - Ogilvy - Boosted Only,306.44,573403,29083
Mm,TikTok,Influencer - Ogilvy - Organic Only,184.34,124820,8787
Bau,Meta,Influencer - Cfg - Boosted Only,849.04,271176,13287
Bau,TikTok,Owned - Boosted Only,1309.76,553346,26217
Flood The Feed,Instagram,Paid - Partnership,4149.79,886647,36486
Flood The Feed,TikTok,Influencer - Ogilvy - Organic Only,72.39,298006,35662
Flood The Feed,TikTok,Influencer - Ogilvy - Boosted Only,3988.46,619640,64480
Bau,Meta,Influencer - Ogilvy - Boosted Only,570.53,460247,28094
Bau,Instagram,Influencer - Ogilvy - Organic Only,109.09,67319,3467
Flood The Feed,TikTok,Influencer - Ogilvy - Boosted Only,6649.03,1826442,135773
Bau,TikTok,Influencer - Ogilvy - Organic Only,234.72,58240,4105
Bau,Meta,Influencer - Ogilvy - Organic Only,143.87,81961,3119
Bau,Instagram,Influencer - Ogilvy - Organic Only,76.11,129849,8248
Bau,Instagram,Influencer - Cfg - Boosted Only,103.82,77752,4977
Flood The Feed,TikTok,Owned - Boosted Only,5922.59,125333,7120
Flood The Feed,Meta,Influencer - Cfg - Boosted Only,1353.74,1657135,85038
Flood The Feed,Instagram,Owned - Boosted Only,5294.82,403100,11232
Flood The Feed,Meta,Owned - Boosted Only,9436.22,541588,24979
Mm,Meta,Influencer - Cfg - Boosted Only,1076640.99,185348,17910
Mm,Instagram,Owned - Boosted Only,1936.87,279015,14532
Bau,Instagram,Influencer - Ogilvy - Organic Only,97.1,78553,5827
Flood The Feed,TikTok,Paid - Partnership,306.2,1022087,54126
Bau,Instagram,Owned - Boosted Only,547.24,139748,10758
Bau,TikTok,Influencer - Ogilvy - Boosted Only,1335.41,555433,40145
Flood The Feed,Meta,Paid - Brand,9291.76,896939,44978
Mm,Meta,Paid - Partnership,2290.79,515889,19126
Bau,Instagram,Influencer - Ogilvy - Organic Only,542.33,79249,6659
Bau,Meta,Owned - Boosted Only,2225.98,237047,9649
Mm,Meta,Owned - Boosted Only,4351.87,285087,12040
Bau,Meta,Influencer - Ogilvy - Boosted Only,31798.59,673357,47193
Flood The Feed,Instagram,Owned - Boosted Only,1505.21,203941,14341
Mm,TikTok,Owned - Boosted Only,11093.01,1083006,59632
Mm,TikTok,Paid - Brand,2112.6,192937,8232
Flood The Feed,Instagram,Influencer - Ogilvy - Organic Only,402.05,163257,13294
Flood The Feed,Meta,Paid - Partnership,2240.03,628580,16037
Bau,Meta,Influencer - Ogilvy - Organic Only,161.61,23668,1127
Flood The Feed,TikTok,Influencer - Cfg - Boosted Only,258.34,1900606,230383
Bau,Instagram,Paid - Brand,6002.95,644499,18617
Mm,Meta,Owned - Boosted Only,40988.42,593624,21897
Flood The Feed,Instagram,Influencer - Ogilvy - Organic Only,462.03,112070,5880
Flood The Feed,TikTok,Owned - Boosted Only,1196.45,437754,21043
Bau,Meta,Owned - Boosted Only,18669.09,233671,10285
Bau,TikTok,Paid - Partnership,1267.08,131111,8530
Flood The Feed,Meta,Paid - Brand,169.29,462546,8836
Flood The Feed,Meta,Owned - Boosted Only,58742.22,893367,36517
Bau,Instagram,Influencer - Cfg - Boosted Only,19842.08,219621,19853
Bau,Meta,Paid - Brand,4022.73,371631,15677
Bau,Instagram,Owned - Boosted Only,8944.0,250895,8063
Flood The Feed,Instagram,Influencer - Ogilvy - Boosted Only,706.22,413852,30643
Bau,Meta,Influencer - Ogilvy - Boosted Only,547.13,1296824,110368
Mm,Meta,Owned - Boosted Only,7355.31,327399,12165
Flood The Feed,Meta,Influencer - Cfg - Boosted Only,714.89,729650,45406
Bau,Meta,Influencer - Ogilvy - Organic Only,42.87,160708,7731
